src,dst,count,source_color,destination_color
ORD,ATL,20,#3358FF,#FF3F33
ATL,ORD,19,#3358FF,#FF3F33
HKT,BKK,13,#3358FF,#FF3F33
ORD,MSY,13,#3358FF,#FF3F33
JFK,LHR,12,#3358FF,#FF3F33
CAN,HGH,12,#3358FF,#FF3F33
MIA,ATL,12,#3358FF,#FF3F33
LHR,JFK,12,#3358FF,#FF3F33
ATL,MIA,12,#3358FF,#FF3F33
HKG,BKK,12,#3358FF,#FF3F33
DOH,BAH,12,#3358FF,#FF3F33
AUH,MCT,12,#3358FF,#FF3F33
BKK,HKG,12,#3358FF,#FF3F33
KGL,EBB,11,#3358FF,#FF3F33
MSY,JFK,11,#3358FF,#FF3F33
JFK,CDG,11,#3358FF,#FF3F33
ATL,DEN,11,#3358FF,#FF3F33
JFK,MSY,11,#3358FF,#FF3F33
LAX,LHR,11,#3358FF,#FF3F33
LHR,LAX,11,#3358FF,#FF3F33
CDG,JFK,11,#3358FF,#FF3F33
SFO,ATL,11,#3358FF,#FF3F33
SYD,AKL,11,#3358FF,#FF3F33
DEN,ATL,11,#3358FF,#FF3F33
MCT,AUH,11,#3358FF,#FF3F33
HRE,LUN,11,#3358FF,#FF3F33
CNX,BKK,11,#3358FF,#FF3F33
ATL,DFW,11,#3358FF,#FF3F33
KUL,SIN,10,#3358FF,#FF3F33
HGH,CGO,10,#3358FF,#FF3F33
CKG,XIY,10,#3358FF,#FF3F33
HKG,ICN,10,#3358FF,#FF3F33
BKK,HKT,10,#3358FF,#FF3F33
JHG,KMG,10,#3358FF,#FF3F33
BKK,CNX,10,#3358FF,#FF3F33
ICN,BKK,10,#3358FF,#FF3F33
HGH,DLC,10,#3358FF,#FF3F33
SFO,LHR,10,#3358FF,#FF3F33
AKL,SYD,10,#3358FF,#FF3F33
CMB,MLE,10,#3358FF,#FF3F33
SIN,KUL,10,#3358FF,#FF3F33
SIN,CGK,10,#3358FF,#FF3F33
NRT,TPE,10,#3358FF,#FF3F33
JFK,MXP,10,#3358FF,#FF3F33
BKK,ICN,10,#3358FF,#FF3F33
ATL,JFK,10,#3358FF,#FF3F33
NRT,ICN,10,#3358FF,#FF3F33
ORD,CDG,10,#3358FF,#FF3F33
HGH,CAN,10,#3358FF,#FF3F33
XIY,CKG,10,#3358FF,#FF3F33
ICN,HKG,10,#3358FF,#FF3F33
CGK,KUL,10,#3358FF,#FF3F33
DPS,SIN,10,#3358FF,#FF3F33
KUL,CGK,10,#3358FF,#FF3F33
CGK,SIN,10,#3358FF,#FF3F33
BKK,SIN,10,#3358FF,#FF3F33
LHR,SFO,10,#3358FF,#FF3F33
SIN,DPS,10,#3358FF,#FF3F33
DFW,ATL,10,#3358FF,#FF3F33
MLE,CMB,10,#3358FF,#FF3F33
KMG,JHG,10,#3358FF,#FF3F33
ATL,LAX,10,#3358FF,#FF3F33
ICN,NRT,10,#3358FF,#FF3F33
MXP,JFK,10,#3358FF,#FF3F33
CDG,ORD,10,#3358FF,#FF3F33
CGO,HGH,10,#3358FF,#FF3F33
BAH,DOH,10,#3358FF,#FF3F33
TPE,NRT,10,#3358FF,#FF3F33
DLC,HGH,10,#3358FF,#FF3F33
XNN,XIY,9,#3358FF,#FF3F33
KMG,CTU,9,#3358FF,#FF3F33
TAO,SHE,9,#3358FF,#FF3F33
CKG,KMG,9,#3358FF,#FF3F33
PHX,ATL,9,#3358FF,#FF3F33
KUL,BKK,9,#3358FF,#FF3F33
LHR,BOS,9,#3358FF,#FF3F33
CNS,BNE,9,#3358FF,#FF3F33
JNB,CPT,9,#3358FF,#FF3F33
PHL,ATL,9,#3358FF,#FF3F33
ATL,IAH,9,#3358FF,#FF3F33
JFK,BCN,9,#3358FF,#FF3F33
ACE,LGW,9,#3358FF,#FF3F33
MSY,ATL,9,#3358FF,#FF3F33
SYD,SIN,9,#3358FF,#FF3F33
IND,ATL,9,#3358FF,#FF3F33
FRA,DFW,9,#3358FF,#FF3F33
XIY,URC,9,#3358FF,#FF3F33
ATL,CUN,9,#3358FF,#FF3F33
RDU,ATL,9,#3358FF,#FF3F33
BCN,JFK,9,#3358FF,#FF3F33
ATL,SFO,9,#3358FF,#FF3F33
LHR,ORD,9,#3358FF,#FF3F33
BNE,SIN,9,#3358FF,#FF3F33
PER,SIN,9,#3358FF,#FF3F33
ORD,LHR,9,#3358FF,#FF3F33
CUN,ATL,9,#3358FF,#FF3F33
URC,XIY,9,#3358FF,#FF3F33
ATL,PHX,9,#3358FF,#FF3F33
LAX,NRT,9,#3358FF,#FF3F33
ATL,PHL,9,#3358FF,#FF3F33
JFK,MAD,9,#3358FF,#FF3F33
CPT,JNB,9,#3358FF,#FF3F33
DUB,JFK,9,#3358FF,#FF3F33
JAX,ATL,9,#3358FF,#FF3F33
HGH,CTU,9,#3358FF,#FF3F33
LAX,MSY,9,#3358FF,#FF3F33
MAD,JFK,9,#3358FF,#FF3F33
IAD,ATL,9,#3358FF,#FF3F33
IAH,ATL,9,#3358FF,#FF3F33
CTU,HGH,9,#3358FF,#FF3F33
ATL,RDU,9,#3358FF,#FF3F33
CGO,URC,9,#3358FF,#FF3F33
ATL,JAX,9,#3358FF,#FF3F33
BOS,LHR,9,#3358FF,#FF3F33
TAO,HGH,9,#3358FF,#FF3F33
SIN,BNE,9,#3358FF,#FF3F33
KMG,CKG,9,#3358FF,#FF3F33
CTU,KMG,9,#3358FF,#FF3F33
URC,CGO,9,#3358FF,#FF3F33
SIN,SYD,9,#3358FF,#FF3F33
ATL,MSY,9,#3358FF,#FF3F33
LAX,ATL,9,#3358FF,#FF3F33
LAS,LAX,9,#3358FF,#FF3F33
DFW,FRA,9,#3358FF,#FF3F33
URC,KHG,9,#3358FF,#FF3F33
HNL,LAX,9,#3358FF,#FF3F33
SJC,LAX,9,#3358FF,#FF3F33
SIN,BKK,9,#3358FF,#FF3F33
XMN,NKG,9,#3358FF,#FF3F33
LHW,URC,9,#3358FF,#FF3F33
JFK,DUB,9,#3358FF,#FF3F33
BKK,KUL,9,#3358FF,#FF3F33
LAX,LAS,9,#3358FF,#FF3F33
XIY,XNN,9,#3358FF,#FF3F33
MSY,LAX,9,#3358FF,#FF3F33
LGW,ACE,9,#3358FF,#FF3F33
HGH,TAO,9,#3358FF,#FF3F33
CDG,MIA,9,#3358FF,#FF3F33
ATL,IAD,9,#3358FF,#FF3F33
SIN,PER,9,#3358FF,#FF3F33
KHG,URC,9,#3358FF,#FF3F33
ATL,IND,9,#3358FF,#FF3F33
SHE,TAO,9,#3358FF,#FF3F33
KMG,XMN,8,#3358FF,#FF3F33
TPE,KIX,8,#3358FF,#FF3F33
LHR,SEA,8,#3358FF,#FF3F33
HGH,KMG,8,#3358FF,#FF3F33
AUH,BAH,8,#3358FF,#FF3F33
CKY,DKR,8,#3358FF,#FF3F33
ATL,LGA,8,#3358FF,#FF3F33
FLL,ATL,8,#3358FF,#FF3F33
PEK,HGH,8,#3358FF,#FF3F33
LHR,ATL,8,#3358FF,#FF3F33
BKK,KBV,8,#3358FF,#FF3F33
SIN,HKG,8,#3358FF,#FF3F33
MRS,CDG,8,#3358FF,#FF3F33
TFS,LGW,8,#3358FF,#FF3F33
PBI,ATL,8,#3358FF,#FF3F33
ORD,DUS,8,#3358FF,#FF3F33
XIY,PVG,8,#3358FF,#FF3F33
ATL,CLT,8,#3358FF,#FF3F33
SIN,NRT,8,#3358FF,#FF3F33
LIS,BRU,8,#3358FF,#FF3F33
JFK,FRA,8,#3358FF,#FF3F33
BRU,LIS,8,#3358FF,#FF3F33
MEX,ATL,8,#3358FF,#FF3F33
TPA,ATL,8,#3358FF,#FF3F33
HGH,SYX,8,#3358FF,#FF3F33
KWE,XIY,8,#3358FF,#FF3F33
SYX,HGH,8,#3358FF,#FF3F33
EWR,LHR,8,#3358FF,#FF3F33
LAX,OGG,8,#3358FF,#FF3F33
ATL,MCI,8,#3358FF,#FF3F33
MSY,ORD,8,#3358FF,#FF3F33
CTU,TNA,8,#3358FF,#FF3F33
ATL,MCO,8,#3358FF,#FF3F33
MAN,PMI,8,#3358FF,#FF3F33
CEI,BKK,8,#3358FF,#FF3F33
AMS,LIS,8,#3358FF,#FF3F33
NKG,FOC,8,#3358FF,#FF3F33
BNE,AKL,8,#3358FF,#FF3F33
FOC,NKG,8,#3358FF,#FF3F33
NIM,OUA,8,#3358FF,#FF3F33
XIY,CTU,8,#3358FF,#FF3F33
BKK,CEI,8,#3358FF,#FF3F33
MEL,AKL,8,#3358FF,#FF3F33
LAX,JFK,8,#3358FF,#FF3F33
CKG,CAN,8,#3358FF,#FF3F33
BKK,NRT,8,#3358FF,#FF3F33
XIY,KWE,8,#3358FF,#FF3F33
ACC,ABJ,8,#3358FF,#FF3F33
KMG,NKG,8,#3358FF,#FF3F33
CLT,ATL,8,#3358FF,#FF3F33
LHR,IAD,8,#3358FF,#FF3F33
ATL,LHR,8,#3358FF,#FF3F33
PVG,TPE,8,#3358FF,#FF3F33
BNE,CNS,8,#3358FF,#FF3F33
MIA,CDG,8,#3358FF,#FF3F33
LAS,JFK,8,#3358FF,#FF3F33
HGH,PEK,8,#3358FF,#FF3F33
MIA,LHR,8,#3358FF,#FF3F33
RSW,ATL,8,#3358FF,#FF3F33
PEK,INC,8,#3358FF,#FF3F33
ATL,MSP,8,#3358FF,#FF3F33
NRT,BKK,8,#3358FF,#FF3F33
ATL,CMH,8,#3358FF,#FF3F33
XMN,KMG,8,#3358FF,#FF3F33
LIS,AMS,8,#3358FF,#FF3F33
FRA,MAD,8,#3358FF,#FF3F33
PVG,XIY,8,#3358FF,#FF3F33
ATL,DTW,8,#3358FF,#FF3F33
ATL,PBI,8,#3358FF,#FF3F33
MAN,TFS,8,#3358FF,#FF3F33
KIX,TPE,8,#3358FF,#FF3F33
KMG,XIY,8,#3358FF,#FF3F33
TPE,PVG,8,#3358FF,#FF3F33
TSN,HRB,8,#3358FF,#FF3F33
FRA,JFK,8,#3358FF,#FF3F33
SAN,ATL,8,#3358FF,#FF3F33
ATL,BOS,8,#3358FF,#FF3F33
ATL,RSW,8,#3358FF,#FF3F33
BAH,AUH,8,#3358FF,#FF3F33
ATL,STL,8,#3358FF,#FF3F33
CDG,TLS,8,#3358FF,#FF3F33
ATL,FLL,8,#3358FF,#FF3F33
DTW,ATL,8,#3358FF,#FF3F33
LGW,TFS,8,#3358FF,#FF3F33
DLC,TSN,8,#3358FF,#FF3F33
MCI,ATL,8,#3358FF,#FF3F33
JFK,LAS,8,#3358FF,#FF3F33
XIY,KMG,8,#3358FF,#FF3F33
KMG,HGH,8,#3358FF,#FF3F33
IAD,LHR,8,#3358FF,#FF3F33
JFK,LAX,8,#3358FF,#FF3F33
NRT,SIN,8,#3358FF,#FF3F33
DUS,ORD,8,#3358FF,#FF3F33
KBV,BKK,8,#3358FF,#FF3F33
UIO,GYE,8,#3358FF,#FF3F33
MCO,ATL,8,#3358FF,#FF3F33
ATL,SAN,8,#3358FF,#FF3F33
WUH,KMG,8,#3358FF,#FF3F33
STL,ATL,8,#3358FF,#FF3F33
CAN,CKG,8,#3358FF,#FF3F33
MAD,FRA,8,#3358FF,#FF3F33
HKG,SIN,8,#3358FF,#FF3F33
KMG,WUH,8,#3358FF,#FF3F33
NRT,LAX,8,#3358FF,#FF3F33
CKG,LXA,8,#3358FF,#FF3F33
CSX,KMG,8,#3358FF,#FF3F33
MEX,MIA,8,#3358FF,#FF3F33
HGH,KWL,8,#3358FF,#FF3F33
HRB,TSN,8,#3358FF,#FF3F33
CTU,XIY,8,#3358FF,#FF3F33
LHR,EWR,8,#3358FF,#FF3F33
URC,LHW,8,#3358FF,#FF3F33
CSX,XMN,8,#3358FF,#FF3F33
WUH,XMN,8,#3358FF,#FF3F33
KMG,CSX,8,#3358FF,#FF3F33
SZX,HGH,8,#3358FF,#FF3F33
COO,ABJ,8,#3358FF,#FF3F33
SJU,ATL,8,#3358FF,#FF3F33
PMI,MAN,8,#3358FF,#FF3F33
NKG,XMN,8,#3358FF,#FF3F33
LXA,CKG,8,#3358FF,#FF3F33
NKG,KMG,8,#3358FF,#FF3F33
SUB,SIN,8,#3358FF,#FF3F33
KWL,HGH,8,#3358FF,#FF3F33
DKR,CKY,8,#3358FF,#FF3F33
TSN,DLC,8,#3358FF,#FF3F33
SEA,LHR,8,#3358FF,#FF3F33
CMH,ATL,8,#3358FF,#FF3F33
XMN,CSX,8,#3358FF,#FF3F33
LJG,KMG,7,#3358FF,#FF3F33
HGH,SHE,7,#3358FF,#FF3F33
KGL,NBO,7,#3358FF,#FF3F33
DPS,CGK,7,#3358FF,#FF3F33
BOM,MAA,7,#3358FF,#FF3F33
DLC,PVG,7,#3358FF,#FF3F33
LGW,MCO,7,#3358FF,#FF3F33
BDL,ATL,7,#3358FF,#FF3F33
JFK,YYZ,7,#3358FF,#FF3F33
ATL,MEX,7,#3358FF,#FF3F33
ATL,PIT,7,#3358FF,#FF3F33
TPE,ICN,7,#3358FF,#FF3F33
FUK,ICN,7,#3358FF,#FF3F33
HGH,XIY,7,#3358FF,#FF3F33
XIY,XMN,7,#3358FF,#FF3F33
ATL,MEM,7,#3358FF,#FF3F33
BWI,ATL,7,#3358FF,#FF3F33
ORD,DUB,7,#3358FF,#FF3F33
ICN,TPE,7,#3358FF,#FF3F33
CSX,XIY,7,#3358FF,#FF3F33
ORD,FCO,7,#3358FF,#FF3F33
LUN,HRE,7,#3358FF,#FF3F33
ATL,AUS,7,#3358FF,#FF3F33
MAN,ACE,7,#3358FF,#FF3F33
JFK,SFO,7,#3358FF,#FF3F33
MKE,ATL,7,#3358FF,#FF3F33
PEK,SHA,7,#3358FF,#FF3F33
LHR,MIA,7,#3358FF,#FF3F33
NRT,HNL,7,#3358FF,#FF3F33
CTU,PVG,7,#3358FF,#FF3F33
CEB,ICN,7,#3358FF,#FF3F33
BOM,COK,7,#3358FF,#FF3F33
BOS,ATL,7,#3358FF,#FF3F33
ORF,ATL,7,#3358FF,#FF3F33
TFS,MAN,7,#3358FF,#FF3F33
ATL,CVG,7,#3358FF,#FF3F33
AUH,LHE,7,#3358FF,#FF3F33
ATL,SJU,7,#3358FF,#FF3F33
CKG,TSN,7,#3358FF,#FF3F33
CVG,ATL,7,#3358FF,#FF3F33
CKG,LJG,7,#3358FF,#FF3F33
ATL,LAS,7,#3358FF,#FF3F33
TSN,CKG,7,#3358FF,#FF3F33
MAA,SIN,7,#3358FF,#FF3F33
LHE,AUH,7,#3358FF,#FF3F33
KIX,ICN,7,#3358FF,#FF3F33
TNA,HRB,7,#3358FF,#FF3F33
SHA,SZX,7,#3358FF,#FF3F33
AKL,BNE,7,#3358FF,#FF3F33
CKG,XNN,7,#3358FF,#FF3F33
KMG,KWE,7,#3358FF,#FF3F33
MEL,SYD,7,#3358FF,#FF3F33
HGH,HAK,7,#3358FF,#FF3F33
SMF,LAX,7,#3358FF,#FF3F33
OUA,ABJ,7,#3358FF,#FF3F33
COK,BOM,7,#3358FF,#FF3F33
AUH,AMS,7,#3358FF,#FF3F33
CAN,SHA,7,#3358FF,#FF3F33
LHR,LIS,7,#3358FF,#FF3F33
TNA,XIY,7,#3358FF,#FF3F33
ATL,SAT,7,#3358FF,#FF3F33
WUH,CTU,7,#3358FF,#FF3F33
CKG,SHA,7,#3358FF,#FF3F33
SHA,CKG,7,#3358FF,#FF3F33
AMS,AUH,7,#3358FF,#FF3F33
OUA,NIM,7,#3358FF,#FF3F33
SHA,CAN,7,#3358FF,#FF3F33
GDL,LAX,7,#3358FF,#FF3F33
JZH,CTU,7,#3358FF,#FF3F33
LHR,YYZ,7,#3358FF,#FF3F33
GRU,EZE,7,#3358FF,#FF3F33
ICN,CEB,7,#3358FF,#FF3F33
AUS,ATL,7,#3358FF,#FF3F33
LCA,LGW,7,#3358FF,#FF3F33
ICN,KIX,7,#3358FF,#FF3F33
ACE,MAN,7,#3358FF,#FF3F33
SHE,HGH,7,#3358FF,#FF3F33
ATL,BDL,7,#3358FF,#FF3F33
HBE,JED,7,#3358FF,#FF3F33
JFK,ATL,7,#3358FF,#FF3F33
SIN,TPE,7,#3358FF,#FF3F33
LAX,HNL,7,#3358FF,#FF3F33
DEN,LAX,7,#3358FF,#FF3F33
YYZ,YUL,7,#3358FF,#FF3F33
LGW,LCA,7,#3358FF,#FF3F33
ATL,ORF,7,#3358FF,#FF3F33
HAK,HGH,7,#3358FF,#FF3F33
DUB,ORD,7,#3358FF,#FF3F33
LAX,PVG,7,#3358FF,#FF3F33
SIN,MEL,7,#3358FF,#FF3F33
PVG,CTU,7,#3358FF,#FF3F33
TPE,SIN,7,#3358FF,#FF3F33
INC,PEK,7,#3358FF,#FF3F33
PVG,HKG,7,#3358FF,#FF3F33
CTU,JZH,7,#3358FF,#FF3F33
LAX,DEN,7,#3358FF,#FF3F33
FCO,JFK,7,#3358FF,#FF3F33
FCO,ORD,7,#3358FF,#FF3F33
LAX,SFO,7,#3358FF,#FF3F33
DCA,ATL,7,#3358FF,#FF3F33
LHR,DFW,7,#3358FF,#FF3F33
CGO,KMG,7,#3358FF,#FF3F33
SJW,HGH,7,#3358FF,#FF3F33
NSI,DLA,7,#3358FF,#FF3F33
ICN,FUK,7,#3358FF,#FF3F33
EWR,ATL,7,#3358FF,#FF3F33
XNN,CKG,7,#3358FF,#FF3F33
CTU,SHA,7,#3358FF,#FF3F33
LAS,ATL,7,#3358FF,#FF3F33
HRB,TNA,7,#3358FF,#FF3F33
SHA,PEK,7,#3358FF,#FF3F33
KIX,PVG,7,#3358FF,#FF3F33
SIN,SUB,7,#3358FF,#FF3F33
CTU,WUH,7,#3358FF,#FF3F33
SZX,SHA,7,#3358FF,#FF3F33
SLC,LAX,7,#3358FF,#FF3F33
SFO,ICN,7,#3358FF,#FF3F33
RIC,ATL,7,#3358FF,#FF3F33
ICN,SFO,7,#3358FF,#FF3F33
FNA,ROB,7,#3358FF,#FF3F33
HKG,PVG,7,#3358FF,#FF3F33
MEL,SIN,7,#3358FF,#FF3F33
ABJ,OUA,7,#3358FF,#FF3F33
HKG,HGH,7,#3358FF,#FF3F33
CGO,HRB,7,#3358FF,#FF3F33
MIA,MEX,7,#3358FF,#FF3F33
JED,HBE,7,#3358FF,#FF3F33
JFK,FCO,7,#3358FF,#FF3F33
PHX,DEN,7,#3358FF,#FF3F33
ATL,DCA,7,#3358FF,#FF3F33
PVG,KIX,7,#3358FF,#FF3F33
CTU,SZX,7,#3358FF,#FF3F33
HRB,CGO,7,#3358FF,#FF3F33
SYD,MEL,7,#3358FF,#FF3F33
KWE,CGO,7,#3358FF,#FF3F33
HFE,XMN,7,#3358FF,#FF3F33
FCO,PRG,7,#3358FF,#FF3F33
TNA,CTU,7,#3358FF,#FF3F33
LAX,BOS,7,#3358FF,#FF3F33
ATL,TPA,7,#3358FF,#FF3F33
SFO,JFK,7,#3358FF,#FF3F33
MSP,LAX,7,#3358FF,#FF3F33
HNL,NRT,7,#3358FF,#FF3F33
TAO,XIY,7,#3358FF,#FF3F33
ATL,EWR,7,#3358FF,#FF3F33
XIY,TNA,7,#3358FF,#FF3F33
TSN,SHA,7,#3358FF,#FF3F33
MAN,PFO,7,#3358FF,#FF3F33
MAA,BOM,7,#3358FF,#FF3F33
KMG,PVG,7,#3358FF,#FF3F33
SZX,CTU,7,#3358FF,#FF3F33
ABJ,ACC,7,#3358FF,#FF3F33
OGG,LAX,7,#3358FF,#FF3F33
SFO,LAX,7,#3358FF,#FF3F33
KGL,BJM,7,#3358FF,#FF3F33
MEM,ATL,7,#3358FF,#FF3F33
PVG,CKG,7,#3358FF,#FF3F33
LAX,MEX,7,#3358FF,#FF3F33
ATL,BWI,7,#3358FF,#FF3F33
XIY,KWL,7,#3358FF,#FF3F33
CGK,DPS,7,#3358FF,#FF3F33
XMN,XIY,7,#3358FF,#FF3F33
CHC,SYD,7,#3358FF,#FF3F33
DEN,PHX,7,#3358FF,#FF3F33
XIY,CSX,7,#3358FF,#FF3F33
LAX,GDL,7,#3358FF,#FF3F33
SYD,CHC,7,#3358FF,#FF3F33
PRG,FCO,7,#3358FF,#FF3F33
PIT,ATL,7,#3358FF,#FF3F33
MSP,ATL,7,#3358FF,#FF3F33
HGH,SZX,7,#3358FF,#FF3F33
ATL,BNA,7,#3358FF,#FF3F33
MEX,LAX,7,#3358FF,#FF3F33
PVG,DLC,7,#3358FF,#FF3F33
XIY,TSN,7,#3358FF,#FF3F33
CKG,PVG,7,#3358FF,#FF3F33
LJG,CKG,7,#3358FF,#FF3F33
SHA,TSN,7,#3358FF,#FF3F33
AKL,MEL,7,#3358FF,#FF3F33
LAX,ORD,7,#3358FF,#FF3F33
XIY,TAO,7,#3358FF,#FF3F33
SAT,ATL,7,#3358FF,#FF3F33
CGO,KWE,7,#3358FF,#FF3F33
XIY,HGH,7,#3358FF,#FF3F33
WUH,NNG,7,#3358FF,#FF3F33
HGH,SJW,7,#3358FF,#FF3F33
NNG,WUH,7,#3358FF,#FF3F33
BOS,LAX,7,#3358FF,#FF3F33
KWE,KMG,7,#3358FF,#FF3F33
HGH,HKG,7,#3358FF,#FF3F33
MCO,LGW,7,#3358FF,#FF3F33
XMN,HFE,7,#3358FF,#FF3F33
ATL,OKC,7,#3358FF,#FF3F33
LGA,ATL,7,#3358FF,#FF3F33
ATL,RIC,7,#3358FF,#FF3F33
XMN,WUH,7,#3358FF,#FF3F33
KWL,PVG,7,#3358FF,#FF3F33
SHA,CTU,7,#3358FF,#FF3F33
PVG,KWL,7,#3358FF,#FF3F33
EZE,GRU,7,#3358FF,#FF3F33
ATL,CHS,7,#3358FF,#FF3F33
SIN,MAA,7,#3358FF,#FF3F33
TSN,XIY,7,#3358FF,#FF3F33
KMG,CGO,7,#3358FF,#FF3F33
CDG,DFW,6,#3358FF,#FF3F33
CSX,FOC,6,#3358FF,#FF3F33
MAD,LIS,6,#3358FF,#FF3F33
XMN,NNG,6,#3358FF,#FF3F33
HBE,KWI,6,#3358FF,#FF3F33
SKG,ATH,6,#3358FF,#FF3F33
AUH,SIN,6,#3358FF,#FF3F33
BCN,VIE,6,#3358FF,#FF3F33
TXL,CPH,6,#3358FF,#FF3F33
CHS,ATL,6,#3358FF,#FF3F33
CSX,CTU,6,#3358FF,#FF3F33
ADD,JED,6,#3358FF,#FF3F33
TSN,SZX,6,#3358FF,#FF3F33
CSX,KWE,6,#3358FF,#FF3F33
CGK,SUB,6,#3358FF,#FF3F33
PEN,SIN,6,#3358FF,#FF3F33
LAX,MCO,6,#3358FF,#FF3F33
AMD,DEL,6,#3358FF,#FF3F33
LAX,DFW,6,#3358FF,#FF3F33
ACE,BHX,6,#3358FF,#FF3F33
SZX,PVG,6,#3358FF,#FF3F33
DAR,NBO,6,#3358FF,#FF3F33
MTY,ATL,6,#3358FF,#FF3F33
MNL,KLO,6,#3358FF,#FF3F33
DFW,MSY,6,#3358FF,#FF3F33
JNB,LHR,6,#3358FF,#FF3F33
CMN,CDG,6,#3358FF,#FF3F33
ACE,EMA,6,#3358FF,#FF3F33
GIG,EZE,6,#3358FF,#FF3F33
LGW,AGP,6,#3358FF,#FF3F33
CKG,SZX,6,#3358FF,#FF3F33
DAY,ATL,6,#3358FF,#FF3F33
PEK,DLC,6,#3358FF,#FF3F33
TFS,EMA,6,#3358FF,#FF3F33
MAN,DLM,6,#3358FF,#FF3F33
MNL,TPE,6,#3358FF,#FF3F33
DLM,MAN,6,#3358FF,#FF3F33
CTU,XMN,6,#3358FF,#FF3F33
TNA,KMG,6,#3358FF,#FF3F33
RGN,SIN,6,#3358FF,#FF3F33
NGO,ICN,6,#3358FF,#FF3F33
PFO,MAN,6,#3358FF,#FF3F33
HGH,KWE,6,#3358FF,#FF3F33
CTA,LGW,6,#3358FF,#FF3F33
DRW,BNE,6,#3358FF,#FF3F33
HKG,CTU,6,#3358FF,#FF3F33
LAX,KOA,6,#3358FF,#FF3F33
CDG,CMN,6,#3358FF,#FF3F33
KMG,SZX,6,#3358FF,#FF3F33
BHX,ACE,6,#3358FF,#FF3F33
EMA,TFS,6,#3358FF,#FF3F33
PMI,BCN,6,#3358FF,#FF3F33
MNL,ICN,6,#3358FF,#FF3F33
TSN,HET,6,#3358FF,#FF3F33
CTU,HKG,6,#3358FF,#FF3F33
TRV,BOM,6,#3358FF,#FF3F33
CUN,LGW,6,#3358FF,#FF3F33
HRB,TAO,6,#3358FF,#FF3F33
EMA,ACE,6,#3358FF,#FF3F33
CGO,CKG,6,#3358FF,#FF3F33
AMD,BOM,6,#3358FF,#FF3F33
PVG,TAO,6,#3358FF,#FF3F33
SHE,XIY,6,#3358FF,#FF3F33
NKG,XIY,6,#3358FF,#FF3F33
LGA,YUL,6,#3358FF,#FF3F33
CLE,ATL,6,#3358FF,#FF3F33
LHR,JNB,6,#3358FF,#FF3F33
BHM,ATL,6,#3358FF,#FF3F33
BCN,PMI,6,#3358FF,#FF3F33
CAN,XMN,6,#3358FF,#FF3F33
SCL,LIM,6,#3358FF,#FF3F33
BNE,DRW,6,#3358FF,#FF3F33
SHA,TAO,6,#3358FF,#FF3F33
GMP,CJU,6,#3358FF,#FF3F33
TAO,ICN,6,#3358FF,#FF3F33
ATL,GSO,6,#3358FF,#FF3F33
CAN,WNZ,6,#3358FF,#FF3F33
WUH,TAO,6,#3358FF,#FF3F33
SLC,ATL,6,#3358FF,#FF3F33
TAO,HRB,6,#3358FF,#FF3F33
YYZ,LGA,6,#3358FF,#FF3F33
SAN,JFK,6,#3358FF,#FF3F33
CGK,PKU,6,#3358FF,#FF3F33
TAO,CTU,6,#3358FF,#FF3F33
CTU,PEK,6,#3358FF,#FF3F33
DEL,CCU,6,#3358FF,#FF3F33
LAX,MSP,6,#3358FF,#FF3F33
CTA,FCO,6,#3358FF,#FF3F33
SDJ,CTS,6,#3358FF,#FF3F33
TNA,DLC,6,#3358FF,#FF3F33
ARN,LHR,6,#3358FF,#FF3F33
DEN,MSP,6,#3358FF,#FF3F33
MXP,FCO,6,#3358FF,#FF3F33
KWL,XIY,6,#3358FF,#FF3F33
LIS,MAD,6,#3358FF,#FF3F33
DEL,PNQ,6,#3358FF,#FF3F33
AUA,CCS,6,#3358FF,#FF3F33
NNG,KMG,6,#3358FF,#FF3F33
XMN,CAN,6,#3358FF,#FF3F33
BRU,FCO,6,#3358FF,#FF3F33
KMG,TNA,6,#3358FF,#FF3F33
MCO,LAX,6,#3358FF,#FF3F33
SDF,ATL,6,#3358FF,#FF3F33
SXR,DEL,6,#3358FF,#FF3F33
KWI,DMM,6,#3358FF,#FF3F33
YYZ,LHR,6,#3358FF,#FF3F33
DEL,IXB,6,#3358FF,#FF3F33
LHR,DXB,6,#3358FF,#FF3F33
CTU,CSX,6,#3358FF,#FF3F33
TNA,CGQ,6,#3358FF,#FF3F33
ATL,TYS,6,#3358FF,#FF3F33
CTS,NRT,6,#3358FF,#FF3F33
YUL,JFK,6,#3358FF,#FF3F33
HKG,TPE,6,#3358FF,#FF3F33
KWL,CKG,6,#3358FF,#FF3F33
PMI,LGW,6,#3358FF,#FF3F33
KWE,HGH,6,#3358FF,#FF3F33
XMN,SHA,6,#3358FF,#FF3F33
BKK,TPE,6,#3358FF,#FF3F33
TPE,BKK,6,#3358FF,#FF3F33
CAN,NRT,6,#3358FF,#FF3F33
MEX,MTY,6,#3358FF,#FF3F33
KWE,SHA,6,#3358FF,#FF3F33
SFO,SEA,6,#3358FF,#FF3F33
BLR,BOM,6,#3358FF,#FF3F33
YUL,YYZ,6,#3358FF,#FF3F33
BJM,KGL,6,#3358FF,#FF3F33
PEK,XMN,6,#3358FF,#FF3F33
LAX,SMF,6,#3358FF,#FF3F33
DME,FRU,6,#3358FF,#FF3F33
DLA,NSI,6,#3358FF,#FF3F33
WNZ,CAN,6,#3358FF,#FF3F33
KWE,CSX,6,#3358FF,#FF3F33
PVG,PEK,6,#3358FF,#FF3F33
KLO,MNL,6,#3358FF,#FF3F33
LAX,PHX,6,#3358FF,#FF3F33
CKG,PEK,6,#3358FF,#FF3F33
SIN,RGN,6,#3358FF,#FF3F33
BNA,ATL,6,#3358FF,#FF3F33
FRA,ATL,6,#3358FF,#FF3F33
PEK,HRB,6,#3358FF,#FF3F33
CCU,GAU,6,#3358FF,#FF3F33
DFW,LHR,6,#3358FF,#FF3F33
LHW,XIY,6,#3358FF,#FF3F33
MUC,MAN,6,#3358FF,#FF3F33
ATL,GDL,6,#3358FF,#FF3F33
PEK,PVG,6,#3358FF,#FF3F33
KWI,HBE,6,#3358FF,#FF3F33
BLR,GOI,6,#3358FF,#FF3F33
DAC,BKK,6,#3358FF,#FF3F33
ATL,SAV,6,#3358FF,#FF3F33
LGW,BCN,6,#3358FF,#FF3F33
PEK,NRT,6,#3358FF,#FF3F33
AMS,CPH,6,#3358FF,#FF3F33
BOM,TRV,6,#3358FF,#FF3F33
SFO,HKG,6,#3358FF,#FF3F33
DLC,CGO,6,#3358FF,#FF3F33
XMN,PEK,6,#3358FF,#FF3F33
FRA,DOH,6,#3358FF,#FF3F33
XIY,INC,6,#3358FF,#FF3F33
KWE,CTU,6,#3358FF,#FF3F33
DEL,SXR,6,#3358FF,#FF3F33
NKG,CSX,6,#3358FF,#FF3F33
ISB,AUH,6,#3358FF,#FF3F33
DUS,HER,6,#3358FF,#FF3F33
URC,SHA,6,#3358FF,#FF3F33
MSY,DFW,6,#3358FF,#FF3F33
FRA,JED,6,#3358FF,#FF3F33
GAU,DEL,6,#3358FF,#FF3F33
BKK,DAC,6,#3358FF,#FF3F33
DEL,IXJ,6,#3358FF,#FF3F33
ATL,SLC,6,#3358FF,#FF3F33
PEK,CKG,6,#3358FF,#FF3F33
DEL,BOM,6,#3358FF,#FF3F33
ICN,TAO,6,#3358FF,#FF3F33
LAX,PPT,6,#3358FF,#FF3F33
GDL,ATL,6,#3358FF,#FF3F33
CAN,CTU,6,#3358FF,#FF3F33
CKG,WUH,6,#3358FF,#FF3F33
ATL,MTY,6,#3358FF,#FF3F33
NRT,CAN,6,#3358FF,#FF3F33
NRT,PEK,6,#3358FF,#FF3F33
WUH,CKG,6,#3358FF,#FF3F33
CTA,DUS,6,#3358FF,#FF3F33
CPH,OSL,6,#3358FF,#FF3F33
SEA,DEN,6,#3358FF,#FF3F33
VIE,BCN,6,#3358FF,#FF3F33
ICN,TNA,6,#3358FF,#FF3F33
FRU,DME,6,#3358FF,#FF3F33
SHA,KWE,6,#3358FF,#FF3F33
HKG,SFO,6,#3358FF,#FF3F33
LAX,RNO,6,#3358FF,#FF3F33
HKG,KIX,6,#3358FF,#FF3F33
LGW,CTA,6,#3358FF,#FF3F33
GAU,CCU,6,#3358FF,#FF3F33
YYZ,JFK,6,#3358FF,#FF3F33
CCS,AUA,6,#3358FF,#FF3F33
KIX,HKG,6,#3358FF,#FF3F33
LIS,LHR,6,#3358FF,#FF3F33
CGO,DLC,6,#3358FF,#FF3F33
HKG,PEK,6,#3358FF,#FF3F33
CKG,HGH,6,#3358FF,#FF3F33
GOI,BLR,6,#3358FF,#FF3F33
YUL,LGA,6,#3358FF,#FF3F33
CLO,BOG,6,#3358FF,#FF3F33
BOM,BLR,6,#3358FF,#FF3F33
PVG,CAN,6,#3358FF,#FF3F33
XMN,CTU,6,#3358FF,#FF3F33
YYZ,CDG,6,#3358FF,#FF3F33
NKG,CAN,6,#3358FF,#FF3F33
NNG,XMN,6,#3358FF,#FF3F33
CSX,CKG,6,#3358FF,#FF3F33
LHR,YYC,6,#3358FF,#FF3F33
BJM,NBO,6,#3358FF,#FF3F33
SEA,ATL,6,#3358FF,#FF3F33
YUL,LHR,6,#3358FF,#FF3F33
ATL,SEA,6,#3358FF,#FF3F33
CCU,DEL,6,#3358FF,#FF3F33
YYZ,ORD,6,#3358FF,#FF3F33
DMM,KWI,6,#3358FF,#FF3F33
DLC,TNA,6,#3358FF,#FF3F33
ICN,NGO,6,#3358FF,#FF3F33
HER,DUS,6,#3358FF,#FF3F33
SHA,URC,6,#3358FF,#FF3F33
ATL,MKE,6,#3358FF,#FF3F33
ATL,BHM,6,#3358FF,#FF3F33
LGW,PMI,6,#3358FF,#FF3F33
SIN,HKT,6,#3358FF,#FF3F33
KWL,CGO,6,#3358FF,#FF3F33
BOM,AMD,6,#3358FF,#FF3F33
YVR,LHR,6,#3358FF,#FF3F33
TUS,LAX,6,#3358FF,#FF3F33
DUS,CTA,6,#3358FF,#FF3F33
BOM,GOI,6,#3358FF,#FF3F33
CKG,URC,6,#3358FF,#FF3F33
DFW,LAX,6,#3358FF,#FF3F33
HGH,CKG,6,#3358FF,#FF3F33
LHR,YVR,6,#3358FF,#FF3F33
MAN,JFK,6,#3358FF,#FF3F33
YZF,YEG,6,#3358FF,#FF3F33
SUB,CGK,6,#3358FF,#FF3F33
IXB,DEL,6,#3358FF,#FF3F33
HTN,URC,6,#3358FF,#FF3F33
LKO,DEL,6,#3358FF,#FF3F33
KMG,PEK,6,#3358FF,#FF3F33
SHE,NKG,6,#3358FF,#FF3F33
YYZ,ATL,6,#3358FF,#FF3F33
HOU,ATL,6,#3358FF,#FF3F33
CGO,KWL,6,#3358FF,#FF3F33
DEL,AMD,6,#3358FF,#FF3F33
KMG,NNG,6,#3358FF,#FF3F33
TPE,HKG,6,#3358FF,#FF3F33
PVG,MFM,6,#3358FF,#FF3F33
PHX,LAX,6,#3358FF,#FF3F33
MAN,LPA,6,#3358FF,#FF3F33
URC,HTN,6,#3358FF,#FF3F33
CCU,IXB,6,#3358FF,#FF3F33
MAD,OPO,6,#3358FF,#FF3F33
CKG,CGO,6,#3358FF,#FF3F33
CDG,YUL,6,#3358FF,#FF3F33
CDG,YYZ,6,#3358FF,#FF3F33
FOC,CSX,6,#3358FF,#FF3F33
SZX,CKG,6,#3358FF,#FF3F33
BLR,DEL,6,#3358FF,#FF3F33
IXB,CCU,6,#3358FF,#FF3F33
VIE,ZRH,6,#3358FF,#FF3F33
ATL,SDF,6,#3358FF,#FF3F33
ATL,HOU,6,#3358FF,#FF3F33
ROB,FNA,6,#3358FF,#FF3F33
KMG,LJG,6,#3358FF,#FF3F33
PPT,LAX,6,#3358FF,#FF3F33
TAO,WUH,6,#3358FF,#FF3F33
BCN,LGW,6,#3358FF,#FF3F33
JED,FRA,6,#3358FF,#FF3F33
INC,XIY,6,#3358FF,#FF3F33
HKG,NKG,6,#3358FF,#FF3F33
PEK,KMG,6,#3358FF,#FF3F33
MFM,PVG,6,#3358FF,#FF3F33
ALC,LGW,6,#3358FF,#FF3F33
CJU,GMP,6,#3358FF,#FF3F33
ORD,YUL,6,#3358FF,#FF3F33
SHA,TSA,6,#3358FF,#FF3F33
IAH,LHR,6,#3358FF,#FF3F33
LHR,IAH,6,#3358FF,#FF3F33
DLC,PEK,6,#3358FF,#FF3F33
CTU,KWE,6,#3358FF,#FF3F33
PVG,KMG,6,#3358FF,#FF3F33
LAX,SJC,6,#3358FF,#FF3F33
PKU,CGK,6,#3358FF,#FF3F33
TXL,CTA,6,#3358FF,#FF3F33
CAN,NKG,6,#3358FF,#FF3F33
LGW,ALC,6,#3358FF,#FF3F33
CPH,AMS,6,#3358FF,#FF3F33
BRU,JFK,6,#3358FF,#FF3F33
TSA,SHA,6,#3358FF,#FF3F33
TAO,SHA,6,#3358FF,#FF3F33
TYS,ATL,6,#3358FF,#FF3F33
TNA,ICN,6,#3358FF,#FF3F33
XIY,LHW,6,#3358FF,#FF3F33
LPA,MAN,6,#3358FF,#FF3F33
CTU,TSN,6,#3358FF,#FF3F33
PVG,LAX,6,#3358FF,#FF3F33
CTU,CAN,6,#3358FF,#FF3F33
DOH,FRA,6,#3358FF,#FF3F33
PVG,SZX,6,#3358FF,#FF3F33
ICN,MNL,6,#3358FF,#FF3F33
LHR,RDU,6,#3358FF,#FF3F33
HRB,PEK,6,#3358FF,#FF3F33
MUC,MAD,6,#3358FF,#FF3F33
OKC,ATL,6,#3358FF,#FF3F33
EZE,GIG,6,#3358FF,#FF3F33
BKK,CAN,6,#3358FF,#FF3F33
MSP,DEN,6,#3358FF,#FF3F33
NKG,CGQ,6,#3358FF,#FF3F33
LGA,YYZ,6,#3358FF,#FF3F33
KWL,XMN,6,#3358FF,#FF3F33
XIY,DLC,6,#3358FF,#FF3F33
PEK,HKG,6,#3358FF,#FF3F33
ORD,MEX,6,#3358FF,#FF3F33
SZX,KMG,6,#3358FF,#FF3F33
NRT,CTS,6,#3358FF,#FF3F33
RDU,LHR,6,#3358FF,#FF3F33
SZX,TSN,6,#3358FF,#FF3F33
CAN,BKK,6,#3358FF,#FF3F33
CKG,CSX,6,#3358FF,#FF3F33
JFK,SAN,6,#3358FF,#FF3F33
HET,TSN,6,#3358FF,#FF3F33
KMG,CAN,6,#3358FF,#FF3F33
NKG,SHE,6,#3358FF,#FF3F33
JFK,YUL,6,#3358FF,#FF3F33
YUL,CDG,6,#3358FF,#FF3F33
CKG,KWL,6,#3358FF,#FF3F33
XIY,NKG,6,#3358FF,#FF3F33
JFK,BRU,6,#3358FF,#FF3F33
MEX,ORD,6,#3358FF,#FF3F33
AGP,LGW,6,#3358FF,#FF3F33
JRO,DAR,6,#3358FF,#FF3F33
MAN,MUC,6,#3358FF,#FF3F33
SHA,XMN,6,#3358FF,#FF3F33
PEK,CTU,6,#3358FF,#FF3F33
GOI,BOM,6,#3358FF,#FF3F33
LHR,YUL,6,#3358FF,#FF3F33
JED,ADD,6,#3358FF,#FF3F33
AUH,ISB,6,#3358FF,#FF3F33
CTA,TXL,6,#3358FF,#FF3F33
LAX,SYD,6,#3358FF,#FF3F33
OPO,MAD,6,#3358FF,#FF3F33
LPA,MAD,6,#3358FF,#FF3F33
BLR,MAA,6,#3358FF,#FF3F33
DEL,GAU,6,#3358FF,#FF3F33
ATL,YYZ,6,#3358FF,#FF3F33
YYC,YEG,6,#3358FF,#FF3F33
YYC,LHR,6,#3358FF,#FF3F33
SIN,AUH,6,#3358FF,#FF3F33
FCO,BRU,6,#3358FF,#FF3F33
BOM,DEL,6,#3358FF,#FF3F33
YUL,ORD,6,#3358FF,#FF3F33
TSN,CTU,6,#3358FF,#FF3F33
IXJ,DEL,6,#3358FF,#FF3F33
ATL,DAY,6,#3358FF,#FF3F33
SIN,PEN,6,#3358FF,#FF3F33
CSX,NKG,6,#3358FF,#FF3F33
FCO,CTA,6,#3358FF,#FF3F33
XMN,KWL,6,#3358FF,#FF3F33
TPE,MNL,6,#3358FF,#FF3F33
LHR,ARN,6,#3358FF,#FF3F33
PNQ,DEL,6,#3358FF,#FF3F33
ORD,YYZ,6,#3358FF,#FF3F33
HKT,SIN,6,#3358FF,#FF3F33
ORD,NRT,6,#3358FF,#FF3F33
CAN,PVG,6,#3358FF,#FF3F33
CUN,MEX,6,#3358FF,#FF3F33
LIM,SCL,6,#3358FF,#FF3F33
NKG,HKG,6,#3358FF,#FF3F33
XIY,SHE,6,#3358FF,#FF3F33
MSP,PHX,6,#3358FF,#FF3F33
ORD,LAX,6,#3358FF,#FF3F33
ZRH,LIS,6,#3358FF,#FF3F33
DEL,BLR,6,#3358FF,#FF3F33
URC,CKG,6,#3358FF,#FF3F33
DEL,LKO,6,#3358FF,#FF3F33
SYD,LAX,6,#3358FF,#FF3F33
SAV,ATL,6,#3358FF,#FF3F33
NRT,ORD,6,#3358FF,#FF3F33
